Workbook

Sheet Summary
A1: Gemma-4 Multimodal Benchmark (Customer PoC)s — 1×H100 80GB SXM, vLLM (gemma4-0505-cu129 build)
A2: Workload: customer attribute-extraction JSONL — system prompt + 1×480x480 image + user prompt; ~3.2K prompt tok (incl. image); 512 out (ignore_eos); unique dataset unless noted. Date: 2026-08-24.
A4: Headline — QPS at c=64 vs customer targets
A5: Workload | B5: customer baseline QPS | C5: Our baseline QPS | D5: Best measured QPS | E5: 2x target QPS | F5: % of target | G5: Bound by
A6: Gemma-4 26B-A4B MoE | B6: 2.2 | C6: ='26B Detail'!E6 -> 3.144 | D6: =MAX('26B Detail'!E4:E12) -> 3.144 | E6: 4.4 | F6: =D6/E6 -> 0.71454545 | G6: prefill/vision compute
A7: Gemma-4 31B Dense | B7: 1 | C7: ='31B Detail'!E6 -> 0.876 | D7: =MAX('31B Detail'!E4:E12) -> 1.062 | E7: 2 | F7: =D7/E7 -> 0.531 | G7: KV cache capacity
A9: QPS relative to fp8-dynamic baseline (unique dataset)
A10: Gemma-4 26B-A4B MoE | G10: Gemma-4 31B Dense
B11: c1 | C11: c16 | D11: c64 | H11: c1 | I11: c16 | J11: c64
A12: fp8-dynamic (baseline)* | B12: ='26B Detail'!E4/'26B Detail'!E4 -> 1 | C12: ='26B Detail'!E5/'26B Detail'!E5 -> 1 | D12: ='26B Detail'!E6/'26B Detail'!E6 -> 1 | G12: fp8-dynamic (baseline)* | H12: ='31B Detail'!E4/'31B Detail'!E4 -> 1 | I12: ='31B Detail'!E5/'31B Detail'!E5 -> 1 | J12: ='31B Detail'!E6/'31B Detail'!E6 -> 1
A13: + prefix cache + fp8 KV | B13: ='26B Detail'!E7/'26B Detail'!E4 -> 0.98445596 | C13: ='26B Detail'!E8/'26B Detail'!E5 -> 1.0620559 | D13: ='26B Detail'!E9/'26B Detail'!E6 -> 0.96660305 | G13: + prefix cache + fp8 KV | H13: ='31B Detail'!E7/'31B Detail'!E4 -> 0.99137931 | I13: ='31B Detail'!E8/'31B Detail'!E5 -> 1.0292826 | J13: ='31B Detail'!E9/'31B Detail'!E6 -> 1.2123288
A14: + pc + fp8 KV + sched | B14: ='26B Detail'!E10/'26B Detail'!E4 -> 0.98704663 | C14: ='26B Detail'!E11/'26B Detail'!E5 -> 1.0601611 | D14: ='26B Detail'!E12/'26B Detail'!E6 -> 0.99332061 | G14: + pc + fp8 KV + sched | H14: ='31B Detail'!E10/'31B Detail'!E4 -> 1.0086207 | I14: ='31B Detail'!E11/'31B Detail'!E5 -> 0.96046852 | J14: ='31B Detail'!E12/'31B Detail'!E6 -> 1.206621
A16: Reading: config switches move the 26B 0.97-1.00x (compute-bound, nothing to reclaim) and the 31B up to 1.21x at c64 (KV-bound; fp8 KV doubles cache 43K->86K tokens).
A18: Key findings
A19: 1. Our single-GPU baselines meet or beat customer's reported numbers (26B 3.14 vs 2.2; 31B 0.88 vs 1.0 on a smaller-memory GPU). Their baselines are credible.
A20: 2. 26B MoE is compute-bound: prefix caching, fp8 KV, and scheduler tuning all land within noise on unique traffic.
A21: 3. Traffic pattern is worth 2x on the 26B (see Cycled vs Unique): repeat items lift c64 from 3.0 to 6.1 QPS via full-prompt caching.
A22: 4. 31B dense is KV-capacity-bound (43K KV tokens = ~7 full-length requests); fp8 KV lifts c64 QPS +21% and cuts TTFT p50 43s -> 7.5s.
A23: 5. Scheduler tuning (gpu-mem-util 0.95, 16K batched tokens) adds nothing measurable on either model.
A24: 6. Remaining levers are workload-level (image soft-token budget) and checkpoint-level (W4A16 QAT for 31B) — both pending customer input / next run.

Sheet 26B Detail
A1: Gemma-4 26B-A4B MoE FP8-Dynamic — 1×H100 80GB, TP=1, customer attr-extraction (~3.2K in / 512 out, 1 image) — unique dataset (production-like)
A3: Config | B3: C | C3: Reqs | D3: Err | E3: QPS (req/s) | F3: Output tok/s | G3: Prompt tok/s | H3: TTFT p50 (ms) | I3: TTFT p95 (ms) | J3: TTFT p99 (ms) | K3: Lat p50 (s) | L3: Lat p99 (s) | N3: QPS vs baseline
A4: fp8-dynamic (baseline)* | B4: c1 | C4: 24 | D4: 0 | E4: 0.386 | F4: 197.5 | G4: 1207.1 | H4: 206 | I4: 232 | J4: 261 | K4: 2.6 | L4: 2.7 | O4: c1 | P4: c16 | Q4: c64
B5: c16 | C5: 192 | D5: 4 | E5: 2.111 | F5: 1080.8 | G5: 7008.9 | H5: 1708 | I5: 2877 | J5: 3260 | K5: 7.5 | L5: 8.6 | N5: fp8-dynamic (baseline)* | O5: =E4/E4 -> 1 | P5: =E5/E5 -> 1 | Q5: =E6/E6 -> 1
B6: c64 | C6: 317 | D6: 6 | E6: 3.144 | F6: 1609.6 | G6: 10392.9 | H6: 2541 | I6: 8147 | J6: 10259 | K6: 20.2 | L6: 28 | N6: + prefix cache + fp8 KV | O6: =E7/E4 -> 0.98445596 | P6: =E8/E5 -> 1.0620559 | Q6: =E9/E6 -> 0.96660305
A7: + prefix cache + fp8 KV | B7: c1 | C7: 23 | D7: 0 | E7: 0.38 | F7: 194.5 | G7: 1180.4 | H7: 197 | I7: 224 | J7: 249 | K7: 2.6 | L7: 2.7 | N7: + pc + fp8 KV + sched | O7: =E10/E4 -> 0.98704663 | P7: =E11/E5 -> 1.0601611 | Q7: =E12/E6 -> 0.99332061
B8: c16 | C8: 208 | D8: 4 | E8: 2.242 | F8: 1147.8 | G8: 7455 | H8: 1232 | I8: 2490 | J8: 2748 | K8: 7.2 | L8: 8.9
B9: c64 | C9: 308 | D9: 6 | E9: 3.039 | F9: 1556 | G9: 10068.8 | H9: 2259 | I9: 7714 | J9: 9879 | K9: 20.8 | L9: 28.5 | N9: *baseline = FP8-Dynamic checkpoint, default vLLM config, prefix caching off
A10: + pc + fp8 KV + sched | B10: c1 | C10: 23 | D10: 0 | E10: 0.381 | F10: 195.3 | G10: 1184.9 | H10: 197 | I10: 225 | J10: 247 | K10: 2.6 | L10: 2.7
B11: c16 | C11: 208 | D11: 4 | E11: 2.238 | F11: 1145.9 | G11: 7426.8 | H11: 1178 | I11: 2033 | J11: 2083 | K11: 7.3 | L11: 8.3
B12: c64 | C12: 320 | D12: 6 | E12: 3.123 | F12: 1598.8 | G12: 10317.4 | H12: 3637 | I12: 7672 | J12: 10059 | K12: 20.6 | L12: 26.6

Sheet 31B Detail
A1: Gemma-4 31B Dense FP8-Dynamic — 1×H100 80GB, TP=1, customer attr-extraction (~3.2K in / 512 out, 1 image) — unique dataset (production-like)
A3: Config | B3: C | C3: Reqs | D3: Err | E3: QPS (req/s) | F3: Output tok/s | G3: Prompt tok/s | H3: TTFT p50 (ms) | I3: TTFT p95 (ms) | J3: TTFT p99 (ms) | K3: Lat p50 (s) | L3: Lat p99 (s) | N3: QPS vs baseline
A4: fp8-dynamic (baseline)* | B4: c1 | C4: 7 | D4: 0 | E4: 0.116 | F4: 59.5 | G4: 372.3 | H4: 653 | I4: 846 | J4: 887 | K4: 8.6 | L4: 9 | O4: c1 | P4: c16 | Q4: c64
B5: c16 | C5: 73 | D5: 2 | E5: 0.683 | F5: 349.9 | G5: 2257.3 | H5: 4241 | I5: 7773 | J5: 8715 | K5: 21.7 | L5: 26.1 | N5: fp8-dynamic (baseline)* | O5: =E4/E4 -> 1 | P5: =E5/E5 -> 1 | Q5: =E6/E6 -> 1
B6: c64 | C6: 127 | D6: 2 | E6: 0.876 | F6: 448.3 | G6: 2891.1 | H6: 42668 | I6: 49802 | J6: 60888 | K6: 72.5 | L6: 95.9 | N6: + prefix cache + fp8 KV | O6: =E7/E4 -> 0.99137931 | P6: =E8/E5 -> 1.0292826 | Q6: =E9/E6 -> 1.2123288
A7: + prefix cache + fp8 KV | B7: c1 | C7: 7 | D7: 0 | E7: 0.115 | F7: 59.1 | G7: 369.7 | H7: 629 | I7: 831 | J7: 874 | K7: 8.7 | L7: 9 | N7: + pc + fp8 KV + sched | O7: =E10/E4 -> 1.0086207 | P7: =E11/E5 -> 0.96046852 | Q7: =E12/E6 -> 1.206621
B8: c16 | C8: 64 | D8: 0 | E8: 0.703 | F8: 360 | G8: 2266.8 | H8: 3990 | I8: 7349 | J8: 8428 | K8: 23 | L8: 26.5
B9: c64 | C9: 125 | D9: 2 | E9: 1.062 | F9: 543.7 | G9: 3500.4 | H9: 7486 | I9: 31432 | J9: 35078 | K9: 59 | L9: 91 | N9: *baseline = FP8-Dynamic checkpoint, default vLLM config, prefix caching off
A10: + pc + fp8 KV + sched | B10: c1 | C10: 8 | D10: 0 | E10: 0.117 | F10: 59.8 | G10: 376 | H10: 586 | I10: 801 | J10: 845 | K10: 8.5 | L10: 8.9
B11: c16 | C11: 65 | D11: 2 | E11: 0.656 | F11: 335.9 | G11: 2137.9 | H11: 4476 | I11: 8150 | J11: 8601 | K11: 23.2 | L11: 26.5
B12: c64 | C12: 128 | D12: 2 | E12: 1.057 | F12: 541.3 | G12: 3493.2 | H12: 12400 | I12: 30610 | J12: 33803 | K12: 60.4 | L12: 86.8

Sheet Cycled vs Unique
A1: Traffic-pattern sensitivity — 26B MoE, prefix cache + fp8 KV (same config, two datasets)
A2: Cycled = 100 samples repeated 10x (every prompt+image a cache hit after first pass). Unique = per-request perturbed images/text (only system prompt shareable).
A4: Dataset | B4: C | C4: QPS (req/s) | D4: TTFT p50 (ms) | E4: Lat p50 (s) | F4: QPS ratio vs unique
A5: unique (production-like) | B5: c1 | C5: 0.38 | D5: 197 | E5: 2.6 | F5: 1
B6: c16 | C6: 2.242 | D6: 1232 | E6: 7.2 | F6: 1
B7: c64 | C7: 3.039 | D7: 2259 | E7: 20.8 | F7: 1
A8: cycled (repeat traffic) | B8: c1 | C8: 0.404 | D8: 39 | E8: 2.5 | F8: =C8/C5 -> 1.0631579
B9: c16 | C9: 3.316 | D9: 80 | E9: 4.8 | F9: =C9/C6 -> 1.4790366
B10: c64 | C10: 6.141 | D10: 133 | E10: 10.4 | F10: =C10/C7 -> 2.0207305
A12: Takeaway: repeat-heavy traffic doubles 26B throughput (2.02x at c64). customer's production repeat-rate decides which number applies — open question #3.

Sheet Caveats & Open Questions
A1: Caveats (attach to any number quoted from this workbook)
A3: Hardware parity: measured on H100 80GB SXM; spec is H100 NVL 94GB. 31B (KV-bound) numbers are pessimistic; 26B largely unaffected.
A4: Workload parity: real dataset ~3.2K prompt tokens vs 4K spec; 1 image/request vs 5-9 (up to 30+) spec. Awaiting customer clarification.
A5: QPS = successful requests / wall time under fixed concurrency, 60-90s sustained. the customer's measurement method for 2.2 / 1.0 unconfirmed.
A6: Residual 2-6 rejected requests per run (longest prompts; under investigation). Excluded from QPS; small nonzero effect.
A7: 100 real samples cycled to 1000 requests; unique variant perturbs image bytes + text so only the system prompt is cache-shareable.
A8: Output fixed at 512 tokens (ignore_eos) per spec; natural stops would raise real-world QPS.
A10: Open questions for the customer
A11: 1. Images per request: dataset shows 1; doc says 5-9 typical, up to 30+. Which is production?
A12: 2. Gemma-4 per-image soft-token budget in production (70-1120 configurable) — main remaining 26B lever.
A13: 3. Fraction of traffic re-processing recently seen items — decides whether 3.1 or up-to-6.1 QPS applies (26B).
A14: 4. How were the 2.2 / 1.0 QPS baselines measured (tool, concurrency, duration)?
A15: 5. Does the 4K input-token spec include image tokens?

Sheet Chart Data
A1: Source ranges for native charts — do not reorder rows
A3: 26B QPS (req/s)
A4: concurrency | B4: 1 | C4: 16 | D4: 64
A5: baseline | B5: 0.386 | C5: 2.111 | D5: 3.144
A6: prefix cache + fp8 KV | B6: 0.38 | C6: 2.242 | D6: 3.039
A7: pc + fp8 KV + sched | B7: 0.381 | C7: 2.238 | D7: 3.123
A8: pc + fp8 KV (repeat traffic) | B8: 0.404 | C8: 3.316 | D8: 6.141
A9: customer baseline 2.2 | B9: 2.2 | C9: 2.2 | D9: 2.2
A10: 2x target 4.4 | B10: 4.4 | C10: 4.4 | D10: 4.4
A12: 31B QPS (req/s)
A13: concurrency | B13: 1 | C13: 16 | D13: 64
A14: baseline | B14: 0.116 | C14: 0.683 | D14: 0.876
A15: prefix cache + fp8 KV | B15: 0.115 | C15: 0.703 | D15: 1.062
A16: pc + fp8 KV + sched | B16: 0.117 | C16: 0.656 | D16: 1.057
A17: pc + fp8 KV (repeat traffic) | B17: 0.115 | C17: 0.658 | D17: 1.069
A18: customer baseline 1.0 | B18: 1 | C18: 1 | D18: 1
A19: 2x target 2.0 | B19: 2 | C19: 2 | D19: 2
A21: 31B TTFT (s)
A22: concurrency | B22: 1 | C22: 16 | D22: 64
A23: baseline TTFT p50 (s) | B23: 0.65 | C23: 4.24 | D23: 42.67
A24: baseline TTFT p99 (s) | B24: 0.89 | C24: 8.71 | D24: 60.89
A25: prefix cache + fp8 KV TTFT p50 (s) | B25: 0.63 | C25: 3.99 | D25: 7.49
A26: prefix cache + fp8 KV TTFT p99 (s) | B26: 0.87 | C26: 8.43 | D26: 35.08

Sheet Charts
A1: Native charts (render in Excel / Google Sheets / LibreOffice). Static PNG exports at row 60.
A60: Static exports (may not render in all viewers):
